sequence_id	bgc_id	start	end	average_p	max_p	type	alkaloid_probability	polyketide_probability	ripp_probability	saccharide_probability	terpene_probability	nrp_probability	other_probability	proteins	domains
output_BGCs_threshold_15	output_BGCs_threshold_15_cluster_1	58828	90136	0.982978326818246	0.997431637777749		0.033549779961418	0.222801584002809	0.184182700239869	0.027371794871795	0.09048016374128	0.088376152545277	0.353237824637552	output_BGCs_threshold_15_43;output_BGCs_threshold_15_44;output_BGCs_threshold_15_45;output_BGCs_threshold_15_46;output_BGCs_threshold_15_47;output_BGCs_threshold_15_48;output_BGCs_threshold_15_49;output_BGCs_threshold_15_50;output_BGCs_threshold_15_51;output_BGCs_threshold_15_52;output_BGCs_threshold_15_53;output_BGCs_threshold_15_54;output_BGCs_threshold_15_55;output_BGCs_threshold_15_56;output_BGCs_threshold_15_57;output_BGCs_threshold_15_58;output_BGCs_threshold_15_59;output_BGCs_threshold_15_60;output_BGCs_threshold_15_61;output_BGCs_threshold_15_62;output_BGCs_threshold_15_63;output_BGCs_threshold_15_64;output_BGCs_threshold_15_65;output_BGCs_threshold_15_66	PF00067;PF00082;PF00221;PF00356;PF00440;PF00441;PF00532;PF00593;PF01546;PF02771;PF02909;PF04389;PF07690;PF07715;PF13377;PF13407;PF13458
output_BGCs_threshold_15	output_BGCs_threshold_15_cluster_2	95673	104969	0.808993287324425	0.813173731647938		0.023483196003357	0.117131751970699	0.13739072528387	0.020558663558664	0.42833744374909	0.072437002205147	0.200661217229173	output_BGCs_threshold_15_70;output_BGCs_threshold_15_71;output_BGCs_threshold_15_72	PF00067;PF00593;PF07715
output_BGCs_threshold_15	output_BGCs_threshold_15_cluster_3	185452	194790	0.820686382186723	0.833532297862346		0.011681818181818	0.10519696969697	0.014272727272727	0.02	0.071227272727273	0.464727272727273	0.312893939393939	output_BGCs_threshold_15_135;output_BGCs_threshold_15_136;output_BGCs_threshold_15_137;output_BGCs_threshold_15_138;output_BGCs_threshold_15_139;output_BGCs_threshold_15_140;output_BGCs_threshold_15_141	PF00067;PF00126;PF00501;PF00583;PF00668;PF01758;PF03466;PF07690;PF13508;PF13593;PF13673
output_BGCs_threshold_15	output_BGCs_threshold_15_cluster_4	196025	199460	0.823503378843265	0.836954163888457		0.014492770778176	0.312543500621777	0.017073131292496	0.039082473082473	0.430679922239434	0.043154729599704	0.14297347238594	output_BGCs_threshold_15_143;output_BGCs_threshold_15_144;output_BGCs_threshold_15_145	PF00067;PF12680;PF14534
output_BGCs_threshold_15	output_BGCs_threshold_15_cluster_5	245890	258458	0.989501074041348	0.999943318134046		0.065827350238207	0.150271470902933	0.05966060171941	0.003333333333333	0.197214101852883	0.113204685145138	0.410488456808096	output_BGCs_threshold_15_182;output_BGCs_threshold_15_183;output_BGCs_threshold_15_184;output_BGCs_threshold_15_185;output_BGCs_threshold_15_186;output_BGCs_threshold_15_187;output_BGCs_threshold_15_188	PF00067;PF00356;PF00532;PF00593;PF04389;PF07690;PF07715;PF11991;PF13377;PF13407;PF13458
output_BGCs_threshold_15	output_BGCs_threshold_15_cluster_6	295070	343464	0.980647229828424	0.997556734690899		0.10291158013247	0.274264700883728	0.099143283791346	0.021391996891997	0.101323438618681	0.176621169056802	0.224343830624976	output_BGCs_threshold_15_221;output_BGCs_threshold_15_222;output_BGCs_threshold_15_223;output_BGCs_threshold_15_224;output_BGCs_threshold_15_225;output_BGCs_threshold_15_226;output_BGCs_threshold_15_227;output_BGCs_threshold_15_228;output_BGCs_threshold_15_229;output_BGCs_threshold_15_230;output_BGCs_threshold_15_231;output_BGCs_threshold_15_232;output_BGCs_threshold_15_233;output_BGCs_threshold_15_234;output_BGCs_threshold_15_235;output_BGCs_threshold_15_236;output_BGCs_threshold_15_237;output_BGCs_threshold_15_238;output_BGCs_threshold_15_239;output_BGCs_threshold_15_240;output_BGCs_threshold_15_241;output_BGCs_threshold_15_242;output_BGCs_threshold_15_243;output_BGCs_threshold_15_244;output_BGCs_threshold_15_245;output_BGCs_threshold_15_246;output_BGCs_threshold_15_247;output_BGCs_threshold_15_248;output_BGCs_threshold_15_249;output_BGCs_threshold_15_250;output_BGCs_threshold_15_251;output_BGCs_threshold_15_252	PF00067;PF00072;PF00196;PF00248;PF00356;PF00532;PF00593;PF00892;PF01546;PF04389;PF07715;PF07730;PF13377;PF13407;PF13458
output_BGCs_threshold_15	output_BGCs_threshold_15_cluster_7	416374	452787	0.949100785482134	0.963212113095904		0.122316272468883	0.229474824884695	0.113683375534641	0.020205128205128	0.115091058642858	0.127514817405274	0.271714522858521	output_BGCs_threshold_15_314;output_BGCs_threshold_15_315;output_BGCs_threshold_15_316;output_BGCs_threshold_15_317;output_BGCs_threshold_15_318;output_BGCs_threshold_15_319;output_BGCs_threshold_15_320;output_BGCs_threshold_15_321;output_BGCs_threshold_15_322;output_BGCs_threshold_15_323;output_BGCs_threshold_15_324;output_BGCs_threshold_15_325;output_BGCs_threshold_15_326;output_BGCs_threshold_15_327;output_BGCs_threshold_15_328;output_BGCs_threshold_15_329;output_BGCs_threshold_15_330;output_BGCs_threshold_15_331;output_BGCs_threshold_15_332;output_BGCs_threshold_15_333;output_BGCs_threshold_15_334;output_BGCs_threshold_15_335;output_BGCs_threshold_15_336;output_BGCs_threshold_15_337	PF00067;PF00072;PF00196;PF00356;PF00532;PF00593;PF00892;PF00931;PF03009;PF04389;PF07715;PF07730;PF13191;PF13280;PF13377;PF13407;PF13458
output_BGCs_threshold_15	output_BGCs_threshold_15_cluster_8	568856	573007	0.833527525186066	0.847328193349172		0.056356633165074	0.278551768545664	0.151857422776601	0.028340048840049	0.177056254900253	0.129683210001333	0.178154661771026	output_BGCs_threshold_15_432;output_BGCs_threshold_15_433;output_BGCs_threshold_15_434;output_BGCs_threshold_15_435	PF00067;PF00072;PF00196;PF00892
output_BGCs_threshold_15	output_BGCs_threshold_15_cluster_9	599764	621652	0.821095544769516	0.83038783330271		0.044001599849426	0.094990871447393	0.040148880105402	0.043333333333334	0.102509975531715	0.131560511951817	0.543454827780914	output_BGCs_threshold_15_454;output_BGCs_threshold_15_455;output_BGCs_threshold_15_456;output_BGCs_threshold_15_457;output_BGCs_threshold_15_458;output_BGCs_threshold_15_459;output_BGCs_threshold_15_460;output_BGCs_threshold_15_461;output_BGCs_threshold_15_462;output_BGCs_threshold_15_463;output_BGCs_threshold_15_464;output_BGCs_threshold_15_465;output_BGCs_threshold_15_466;output_BGCs_threshold_15_467;output_BGCs_threshold_15_468;output_BGCs_threshold_15_469;output_BGCs_threshold_15_470;output_BGCs_threshold_15_471	PF00067;PF00126;PF00356;PF00501;PF00532;PF00582;PF00583;PF00593;PF01042;PF01758;PF03466;PF07690;PF07715;PF07883;PF13377;PF13407;PF13508;PF13593;PF13673
output_BGCs_threshold_15	output_BGCs_threshold_15_cluster_10	897038	910555	0.983462540325738	0.999914431951011		0.056334694802827	0.201970249936077	0.039793909588012	0.033333333333334	0.22826233741505	0.142500839970705	0.297804634953996	output_BGCs_threshold_15_670;output_BGCs_threshold_15_671;output_BGCs_threshold_15_672;output_BGCs_threshold_15_673;output_BGCs_threshold_15_674;output_BGCs_threshold_15_675;output_BGCs_threshold_15_676;output_BGCs_threshold_15_677;output_BGCs_threshold_15_678;output_BGCs_threshold_15_679;output_BGCs_threshold_15_680;output_BGCs_threshold_15_681	PF00067;PF00356;PF00532;PF04389;PF07690;PF11991;PF13377;PF13407;PF14518
output_BGCs_threshold_15	output_BGCs_threshold_15_cluster_11	932541	981752	0.925639245255665	0.965741386162334		0.043666792049414	0.156054369411077	0.031354608805828	0.027371794871795	0.134418334714066	0.110538466107064	0.496595634040756	output_BGCs_threshold_15_703;output_BGCs_threshold_15_704;output_BGCs_threshold_15_705;output_BGCs_threshold_15_706;output_BGCs_threshold_15_707;output_BGCs_threshold_15_708;output_BGCs_threshold_15_709;output_BGCs_threshold_15_710;output_BGCs_threshold_15_711;output_BGCs_threshold_15_712;output_BGCs_threshold_15_713;output_BGCs_threshold_15_714;output_BGCs_threshold_15_715;output_BGCs_threshold_15_716;output_BGCs_threshold_15_717;output_BGCs_threshold_15_718;output_BGCs_threshold_15_719;output_BGCs_threshold_15_720;output_BGCs_threshold_15_721;output_BGCs_threshold_15_722;output_BGCs_threshold_15_723;output_BGCs_threshold_15_724;output_BGCs_threshold_15_725;output_BGCs_threshold_15_726;output_BGCs_threshold_15_727;output_BGCs_threshold_15_728;output_BGCs_threshold_15_729;output_BGCs_threshold_15_730;output_BGCs_threshold_15_731	PF00004;PF00067;PF00356;PF00528;PF00532;PF00593;PF01546;PF01547;PF03009;PF04389;PF07690;PF07715;PF13377;PF13407;PF13416
output_BGCs_threshold_15	output_BGCs_threshold_15_cluster_12	1047138	1067648	0.890216470869843	0.911927105164397		0.0865992212308	0.137146834633677	0.072267847264558	0.006944444444445	0.119409897978977	0.361538018623545	0.216093735823999	output_BGCs_threshold_15_791;output_BGCs_threshold_15_792;output_BGCs_threshold_15_793;output_BGCs_threshold_15_794;output_BGCs_threshold_15_795;output_BGCs_threshold_15_796;output_BGCs_threshold_15_797;output_BGCs_threshold_15_798;output_BGCs_threshold_15_799;output_BGCs_threshold_15_800;output_BGCs_threshold_15_801;output_BGCs_threshold_15_802;output_BGCs_threshold_15_803;output_BGCs_threshold_15_804	PF00067;PF00356;PF00532;PF00593;PF00668;PF00756;PF01546;PF04389;PF07715;PF13377;PF13407
output_BGCs_threshold_15	output_BGCs_threshold_15_cluster_13	1071722	1094782	0.984525790231247	0.99998344553711		0.065838991258251	0.114495730303663	0.034634045642434	0.013333333333334	0.205643170450018	0.087632359245081	0.478422369767219	output_BGCs_threshold_15_809;output_BGCs_threshold_15_810;output_BGCs_threshold_15_811;output_BGCs_threshold_15_812;output_BGCs_threshold_15_813;output_BGCs_threshold_15_814;output_BGCs_threshold_15_815;output_BGCs_threshold_15_816;output_BGCs_threshold_15_817;output_BGCs_threshold_15_818;output_BGCs_threshold_15_819;output_BGCs_threshold_15_820;output_BGCs_threshold_15_821;output_BGCs_threshold_15_822;output_BGCs_threshold_15_823;output_BGCs_threshold_15_824;output_BGCs_threshold_15_825;output_BGCs_threshold_15_826	PF00067;PF00356;PF00532;PF00593;PF01546;PF04389;PF07690;PF07715;PF11799;PF11991;PF13377;PF13407;PF14518
output_BGCs_threshold_15	output_BGCs_threshold_15_cluster_14	1095366	1120302	0.973100082666686	0.999993840758565		0.058722673080529	0.186030674820807	0.048265851904358	0.025333333333333	0.204025979594942	0.131894822201552	0.345726665064479	output_BGCs_threshold_15_828;output_BGCs_threshold_15_829;output_BGCs_threshold_15_830;output_BGCs_threshold_15_831;output_BGCs_threshold_15_832;output_BGCs_threshold_15_833;output_BGCs_threshold_15_834;output_BGCs_threshold_15_835;output_BGCs_threshold_15_836;output_BGCs_threshold_15_837;output_BGCs_threshold_15_838;output_BGCs_threshold_15_839;output_BGCs_threshold_15_840;output_BGCs_threshold_15_841;output_BGCs_threshold_15_842;output_BGCs_threshold_15_843;output_BGCs_threshold_15_844;output_BGCs_threshold_15_845;output_BGCs_threshold_15_846;output_BGCs_threshold_15_847;output_BGCs_threshold_15_848;output_BGCs_threshold_15_849	PF00067;PF00356;PF00383;PF00532;PF00593;PF01546;PF01928;PF02653;PF04389;PF07690;PF07715;PF11991;PF13377;PF13407;PF14518
output_BGCs_threshold_15	output_BGCs_threshold_15_cluster_16	1126275	1129313	0.839521802061085	0.851691073371759		0.021600378787879	0.293331686287569	0.008843344155844	0.021491563991564	0.368462363208687	0.041577380952381	0.244693282616077	output_BGCs_threshold_15_854;output_BGCs_threshold_15_855;output_BGCs_threshold_15_856	PF00067;PF00440;PF02909
output_BGCs_threshold_15	output_BGCs_threshold_15_cluster_17	1381405	1422022	0.977294488459705	0.999980161808846		0.028455388749649	0.227842897025829	0.047967954788843	0.018666666666667	0.117655956275304	0.163331195131417	0.396079941362291	output_BGCs_threshold_15_1060;output_BGCs_threshold_15_1061;output_BGCs_threshold_15_1062;output_BGCs_threshold_15_1063;output_BGCs_threshold_15_1064;output_BGCs_threshold_15_1065;output_BGCs_threshold_15_1066;output_BGCs_threshold_15_1067;output_BGCs_threshold_15_1068;output_BGCs_threshold_15_1069;output_BGCs_threshold_15_1070;output_BGCs_threshold_15_1071;output_BGCs_threshold_15_1072;output_BGCs_threshold_15_1073;output_BGCs_threshold_15_1074;output_BGCs_threshold_15_1075;output_BGCs_threshold_15_1076;output_BGCs_threshold_15_1077;output_BGCs_threshold_15_1078;output_BGCs_threshold_15_1079;output_BGCs_threshold_15_1080;output_BGCs_threshold_15_1081;output_BGCs_threshold_15_1082;output_BGCs_threshold_15_1083;output_BGCs_threshold_15_1084;output_BGCs_threshold_15_1085;output_BGCs_threshold_15_1086;output_BGCs_threshold_15_1087;output_BGCs_threshold_15_1088	PF00067;PF00356;PF00440;PF00441;PF00532;PF00593;PF01546;PF01741;PF02770;PF02771;PF02909;PF04389;PF07690;PF07715;PF11991;PF13377;PF13407;PF13458;PF14518
output_BGCs_threshold_15	output_BGCs_threshold_15_cluster_19	1478558	1497580	0.888480742190316	0.930350872435544		0.085590841496637	0.211439878143165	0.119327666303112	0.018666666666667	0.115375595342353	0.22254749904339	0.227051853004677	output_BGCs_threshold_15_1129;output_BGCs_threshold_15_1130;output_BGCs_threshold_15_1131;output_BGCs_threshold_15_1132;output_BGCs_threshold_15_1133;output_BGCs_threshold_15_1134;output_BGCs_threshold_15_1135;output_BGCs_threshold_15_1136;output_BGCs_threshold_15_1137;output_BGCs_threshold_15_1138;output_BGCs_threshold_15_1139;output_BGCs_threshold_15_1140;output_BGCs_threshold_15_1141;output_BGCs_threshold_15_1142;output_BGCs_threshold_15_1143;output_BGCs_threshold_15_1144;output_BGCs_threshold_15_1145;output_BGCs_threshold_15_1146;output_BGCs_threshold_15_1147	PF00006;PF00067;PF00072;PF00196;PF00704;PF00749;PF00892;PF01381;PF02823;PF02874;PF04149;PF05721;PF07730;PF19054;PF19269
output_BGCs_threshold_15	output_BGCs_threshold_15_cluster_20	1683483	1712274	0.969732191366683	0.985748804994518		0.072140492157637	0.207118752453608	0.091768349081544	0.025333333333333	0.132956669443703	0.070810628905811	0.399871774624364	output_BGCs_threshold_15_1295;output_BGCs_threshold_15_1296;output_BGCs_threshold_15_1297;output_BGCs_threshold_15_1298;output_BGCs_threshold_15_1299;output_BGCs_threshold_15_1300;output_BGCs_threshold_15_1301;output_BGCs_threshold_15_1302;output_BGCs_threshold_15_1303;output_BGCs_threshold_15_1304;output_BGCs_threshold_15_1305;output_BGCs_threshold_15_1306;output_BGCs_threshold_15_1307;output_BGCs_threshold_15_1308;output_BGCs_threshold_15_1309;output_BGCs_threshold_15_1310;output_BGCs_threshold_15_1311;output_BGCs_threshold_15_1312;output_BGCs_threshold_15_1313;output_BGCs_threshold_15_1314;output_BGCs_threshold_15_1315;output_BGCs_threshold_15_1316;output_BGCs_threshold_15_1317;output_BGCs_threshold_15_1318;output_BGCs_threshold_15_1319	PF00067;PF00126;PF00356;PF00440;PF00532;PF00583;PF00593;PF01047;PF01494;PF01565;PF02909;PF03466;PF04075;PF04389;PF07715;PF08241;PF12802;PF13302;PF13377;PF13407;PF13458;PF13489;PF13649
output_BGCs_threshold_15	output_BGCs_threshold_15_cluster_21	1722564	1764282	0.979881510045893	0.998524452144406		0.056072523441467	0.147919298260657	0.116946790892245	0.02	0.0596244145356	0.324851436746221	0.274585536123811	output_BGCs_threshold_15_1332;output_BGCs_threshold_15_1333;output_BGCs_threshold_15_1334;output_BGCs_threshold_15_1335;output_BGCs_threshold_15_1336;output_BGCs_threshold_15_1337;output_BGCs_threshold_15_1338;output_BGCs_threshold_15_1339;output_BGCs_threshold_15_1340;output_BGCs_threshold_15_1341;output_BGCs_threshold_15_1342;output_BGCs_threshold_15_1343;output_BGCs_threshold_15_1344;output_BGCs_threshold_15_1345;output_BGCs_threshold_15_1346;output_BGCs_threshold_15_1347;output_BGCs_threshold_15_1348;output_BGCs_threshold_15_1349;output_BGCs_threshold_15_1350;output_BGCs_threshold_15_1351;output_BGCs_threshold_15_1352;output_BGCs_threshold_15_1353;output_BGCs_threshold_15_1354;output_BGCs_threshold_15_1355;output_BGCs_threshold_15_1356;output_BGCs_threshold_15_1357;output_BGCs_threshold_15_1358;output_BGCs_threshold_15_1359;output_BGCs_threshold_15_1360;output_BGCs_threshold_15_1361;output_BGCs_threshold_15_1362;output_BGCs_threshold_15_1363;output_BGCs_threshold_15_1364;output_BGCs_threshold_15_1365;output_BGCs_threshold_15_1366;output_BGCs_threshold_15_1367	PF00005;PF00067;PF00126;PF00356;PF00486;PF00501;PF00532;PF00561;PF00583;PF00593;PF00668;PF00749;PF00756;PF00931;PF01381;PF01546;PF01557;PF01636;PF03466;PF03704;PF04149;PF04389;PF04672;PF07715;PF08386;PF12680;PF13191;PF13377;PF13407;PF13424;PF13508;PF13673;PF19054;PF19269
output_BGCs_threshold_15	output_BGCs_threshold_15_cluster_22	1792505	1819643	0.968786823042027	0.999990836767222		0.077459873400912	0.210319655319965	0.079829224027268	0.04	0.099895356557921	0.118287680934886	0.374208209759049	output_BGCs_threshold_15_1392;output_BGCs_threshold_15_1393;output_BGCs_threshold_15_1394;output_BGCs_threshold_15_1395;output_BGCs_threshold_15_1396;output_BGCs_threshold_15_1397;output_BGCs_threshold_15_1398;output_BGCs_threshold_15_1399;output_BGCs_threshold_15_1400;output_BGCs_threshold_15_1401;output_BGCs_threshold_15_1402;output_BGCs_threshold_15_1403;output_BGCs_threshold_15_1404;output_BGCs_threshold_15_1405;output_BGCs_threshold_15_1406;output_BGCs_threshold_15_1407;output_BGCs_threshold_15_1408;output_BGCs_threshold_15_1409;output_BGCs_threshold_15_1410;output_BGCs_threshold_15_1411;output_BGCs_threshold_15_1412;output_BGCs_threshold_15_1413;output_BGCs_threshold_15_1414	PF00067;PF00356;PF00440;PF00532;PF01042;PF01546;PF03372;PF03848;PF04389;PF04542;PF04545;PF05175;PF05724;PF07690;PF08241;PF08242;PF11991;PF13377;PF13407;PF13489;PF13649;PF13847;PF13977;PF14431;PF14518;PF20148
output_BGCs_threshold_15	output_BGCs_threshold_15_cluster_24	1851920	1891958	0.927572760606917	0.95976637590818		0.095603919608092	0.1875086489576	0.045792631543815	0.063333333333334	0.043313615321345	0.113151780864037	0.451296070371778	output_BGCs_threshold_15_1438;output_BGCs_threshold_15_1439;output_BGCs_threshold_15_1440;output_BGCs_threshold_15_1441;output_BGCs_threshold_15_1442;output_BGCs_threshold_15_1443;output_BGCs_threshold_15_1444;output_BGCs_threshold_15_1445;output_BGCs_threshold_15_1446;output_BGCs_threshold_15_1447;output_BGCs_threshold_15_1448;output_BGCs_threshold_15_1449;output_BGCs_threshold_15_1450;output_BGCs_threshold_15_1451;output_BGCs_threshold_15_1452;output_BGCs_threshold_15_1453;output_BGCs_threshold_15_1454;output_BGCs_threshold_15_1455;output_BGCs_threshold_15_1456;output_BGCs_threshold_15_1457;output_BGCs_threshold_15_1458;output_BGCs_threshold_15_1459;output_BGCs_threshold_15_1460;output_BGCs_threshold_15_1461;output_BGCs_threshold_15_1462;output_BGCs_threshold_15_1463;output_BGCs_threshold_15_1464;output_BGCs_threshold_15_1465;output_BGCs_threshold_15_1466;output_BGCs_threshold_15_1467;output_BGCs_threshold_15_1468	PF00067;PF00089;PF00126;PF00196;PF00356;PF00501;PF00532;PF00583;PF00593;PF01047;PF01073;PF01370;PF03009;PF03466;PF04389;PF05368;PF05729;PF07715;PF11066;PF12802;PF13191;PF13365;PF13377;PF13407;PF13458;PF13460;PF13508;PF13673
output_BGCs_threshold_15	output_BGCs_threshold_15_cluster_25	1925729	1956400	0.908365871454616	0.938135768915719		0.071882535027696	0.300049690452916	0.125058651026393	0.2	0.023159009449332	0.167939882697947	0.111910231345715	output_BGCs_threshold_15_1494;output_BGCs_threshold_15_1495;output_BGCs_threshold_15_1496;output_BGCs_threshold_15_1497;output_BGCs_threshold_15_1498;output_BGCs_threshold_15_1499;output_BGCs_threshold_15_1500;output_BGCs_threshold_15_1501;output_BGCs_threshold_15_1502;output_BGCs_threshold_15_1503;output_BGCs_threshold_15_1504;output_BGCs_threshold_15_1505;output_BGCs_threshold_15_1506;output_BGCs_threshold_15_1507;output_BGCs_threshold_15_1508;output_BGCs_threshold_15_1509;output_BGCs_threshold_15_1510;output_BGCs_threshold_15_1511;output_BGCs_threshold_15_1512;output_BGCs_threshold_15_1513;output_BGCs_threshold_15_1514;output_BGCs_threshold_15_1515;output_BGCs_threshold_15_1516	PF00067;PF00082;PF00107;PF00135;PF00370;PF00455;PF00593;PF00875;PF01073;PF01370;PF01435;PF01547;PF02782;PF03441;PF05368;PF07690;PF07715;PF08220;PF08240;PF11066;PF13416;PF13460;PF16912;PF20434
output_BGCs_threshold_15	output_BGCs_threshold_15_cluster_26	2200312	2245546	0.903798219027172	0.957510037022589		0.039222512054202	0.285082601420579	0.092519857032489	0.033333333333334	0.062179216734649	0.301646309615319	0.18601616980943	output_BGCs_threshold_15_1693;output_BGCs_threshold_15_1694;output_BGCs_threshold_15_1695;output_BGCs_threshold_15_1696;output_BGCs_threshold_15_1697;output_BGCs_threshold_15_1698;output_BGCs_threshold_15_1699;output_BGCs_threshold_15_1700;output_BGCs_threshold_15_1701;output_BGCs_threshold_15_1702;output_BGCs_threshold_15_1703;output_BGCs_threshold_15_1704;output_BGCs_threshold_15_1705;output_BGCs_threshold_15_1706;output_BGCs_threshold_15_1707;output_BGCs_threshold_15_1708;output_BGCs_threshold_15_1709;output_BGCs_threshold_15_1710;output_BGCs_threshold_15_1711;output_BGCs_threshold_15_1712;output_BGCs_threshold_15_1713;output_BGCs_threshold_15_1714;output_BGCs_threshold_15_1715;output_BGCs_threshold_15_1716;output_BGCs_threshold_15_1717;output_BGCs_threshold_15_1718;output_BGCs_threshold_15_1719;output_BGCs_threshold_15_1720;output_BGCs_threshold_15_1721;output_BGCs_threshold_15_1722;output_BGCs_threshold_15_1723;output_BGCs_threshold_15_1724;output_BGCs_threshold_15_1725;output_BGCs_threshold_15_1726;output_BGCs_threshold_15_1727	PF00067;PF00072;PF00126;PF00196;PF00356;PF00532;PF00561;PF00593;PF00892;PF00975;PF01047;PF01546;PF01565;PF02678;PF03466;PF04075;PF04389;PF07715;PF07730;PF12146;PF12697;PF12802;PF13377;PF13407
output_BGCs_threshold_15	output_BGCs_threshold_15_cluster_27	2258318	2292021	0.988541863608497	0.999999909060085		0.102362183731483	0.125664583222981	0.055423680632802	0.022	0.198714515246217	0.110615481045959	0.385219556120557	output_BGCs_threshold_15_1736;output_BGCs_threshold_15_1737;output_BGCs_threshold_15_1738;output_BGCs_threshold_15_1739;output_BGCs_threshold_15_1740;output_BGCs_threshold_15_1741;output_BGCs_threshold_15_1742;output_BGCs_threshold_15_1743;output_BGCs_threshold_15_1744;output_BGCs_threshold_15_1745;output_BGCs_threshold_15_1746;output_BGCs_threshold_15_1747;output_BGCs_threshold_15_1748;output_BGCs_threshold_15_1749;output_BGCs_threshold_15_1750;output_BGCs_threshold_15_1751;output_BGCs_threshold_15_1752;output_BGCs_threshold_15_1753;output_BGCs_threshold_15_1754;output_BGCs_threshold_15_1755;output_BGCs_threshold_15_1756;output_BGCs_threshold_15_1757;output_BGCs_threshold_15_1758;output_BGCs_threshold_15_1759;output_BGCs_threshold_15_1760	PF00067;PF00126;PF00356;PF00532;PF00593;PF01266;PF01494;PF01565;PF03466;PF04389;PF07690;PF07715;PF07859;PF11991;PF13377;PF13407;PF13450;PF13458;PF13649;PF14518;PF20434
output_BGCs_threshold_15	output_BGCs_threshold_15_cluster_28	2316728	2344671	0.918408054479848	0.932466420585306		0.112372379223125	0.18450788743229	0.104452177619976	0.005333333333333	0.143294509884589	0.056616066159832	0.393423646346855	output_BGCs_threshold_15_1779;output_BGCs_threshold_15_1780;output_BGCs_threshold_15_1781;output_BGCs_threshold_15_1782;output_BGCs_threshold_15_1783;output_BGCs_threshold_15_1784;output_BGCs_threshold_15_1785;output_BGCs_threshold_15_1786;output_BGCs_threshold_15_1787;output_BGCs_threshold_15_1788;output_BGCs_threshold_15_1789;output_BGCs_threshold_15_1790;output_BGCs_threshold_15_1791;output_BGCs_threshold_15_1792;output_BGCs_threshold_15_1793;output_BGCs_threshold_15_1794;output_BGCs_threshold_15_1795;output_BGCs_threshold_15_1796;output_BGCs_threshold_15_1797;output_BGCs_threshold_15_1798;output_BGCs_threshold_15_1799;output_BGCs_threshold_15_1800;output_BGCs_threshold_15_1801;output_BGCs_threshold_15_1802;output_BGCs_threshold_15_1803;output_BGCs_threshold_15_1804	PF00006;PF00067;PF00356;PF00532;PF00583;PF00593;PF01494;PF02823;PF02874;PF03466;PF04389;PF07715;PF08241;PF13302;PF13377;PF13404;PF13407;PF13412;PF13458;PF13489;PF13649;PF14518
output_BGCs_threshold_15	output_BGCs_threshold_15_cluster_29	2375359	2412601	0.979548734093367	0.998427466704545		0.095439177761201	0.191641871575468	0.064913589998225	0.033333333333334	0.104213538920085	0.137228770109947	0.373229718301741	output_BGCs_threshold_15_1829;output_BGCs_threshold_15_1830;output_BGCs_threshold_15_1831;output_BGCs_threshold_15_1832;output_BGCs_threshold_15_1833;output_BGCs_threshold_15_1834;output_BGCs_threshold_15_1835;output_BGCs_threshold_15_1836;output_BGCs_threshold_15_1837;output_BGCs_threshold_15_1838;output_BGCs_threshold_15_1839;output_BGCs_threshold_15_1840;output_BGCs_threshold_15_1841;output_BGCs_threshold_15_1842;output_BGCs_threshold_15_1843;output_BGCs_threshold_15_1844;output_BGCs_threshold_15_1845;output_BGCs_threshold_15_1846;output_BGCs_threshold_15_1847;output_BGCs_threshold_15_1848;output_BGCs_threshold_15_1849;output_BGCs_threshold_15_1850;output_BGCs_threshold_15_1851;output_BGCs_threshold_15_1852;output_BGCs_threshold_15_1853;output_BGCs_threshold_15_1854;output_BGCs_threshold_15_1855;output_BGCs_threshold_15_1856;output_BGCs_threshold_15_1857;output_BGCs_threshold_15_1858;output_BGCs_threshold_15_1859	PF00067;PF00126;PF00196;PF00440;PF00441;PF00501;PF00583;PF00756;PF00781;PF01494;PF01569;PF02770;PF02771;PF02909;PF03009;PF03466;PF13191;PF14378
output_BGCs_threshold_15	output_BGCs_threshold_15_cluster_30	2414985	2450688	0.964959376720648	0.990670613502248		0.154629372205361	0.226111235866164	0.104776274501317	0.026038461538462	0.079002284859155	0.16040862230482	0.249033748724721	output_BGCs_threshold_15_1863;output_BGCs_threshold_15_1864;output_BGCs_threshold_15_1865;output_BGCs_threshold_15_1866;output_BGCs_threshold_15_1867;output_BGCs_threshold_15_1868;output_BGCs_threshold_15_1869;output_BGCs_threshold_15_1870;output_BGCs_threshold_15_1871;output_BGCs_threshold_15_1872;output_BGCs_threshold_15_1873;output_BGCs_threshold_15_1874;output_BGCs_threshold_15_1875;output_BGCs_threshold_15_1876;output_BGCs_threshold_15_1877;output_BGCs_threshold_15_1878;output_BGCs_threshold_15_1879;output_BGCs_threshold_15_1880;output_BGCs_threshold_15_1881;output_BGCs_threshold_15_1882;output_BGCs_threshold_15_1883;output_BGCs_threshold_15_1884;output_BGCs_threshold_15_1885;output_BGCs_threshold_15_1886;output_BGCs_threshold_15_1887	PF00067;PF00126;PF00356;PF00532;PF00593;PF01546;PF02678;PF03466;PF04389;PF07681;PF07715;PF07883;PF12902;PF13377;PF13407;PF13432;PF14559
output_BGCs_threshold_15	output_BGCs_threshold_15_cluster_31	2543136	2582606	0.956876677001041	0.979126988445469		0.100998112682739	0.203794667952937	0.200259069242422	0.038205128205128	0.088740805002156	0.147163454636759	0.220838762277859	output_BGCs_threshold_15_1955;output_BGCs_threshold_15_1956;output_BGCs_threshold_15_1957;output_BGCs_threshold_15_1958;output_BGCs_threshold_15_1959;output_BGCs_threshold_15_1960;output_BGCs_threshold_15_1961;output_BGCs_threshold_15_1962;output_BGCs_threshold_15_1963;output_BGCs_threshold_15_1964;output_BGCs_threshold_15_1965;output_BGCs_threshold_15_1966;output_BGCs_threshold_15_1967;output_BGCs_threshold_15_1968;output_BGCs_threshold_15_1969;output_BGCs_threshold_15_1970;output_BGCs_threshold_15_1971;output_BGCs_threshold_15_1972;output_BGCs_threshold_15_1973;output_BGCs_threshold_15_1974;output_BGCs_threshold_15_1975;output_BGCs_threshold_15_1976;output_BGCs_threshold_15_1977;output_BGCs_threshold_15_1978;output_BGCs_threshold_15_1979;output_BGCs_threshold_15_1980;output_BGCs_threshold_15_1981;output_BGCs_threshold_15_1982;output_BGCs_threshold_15_1983;output_BGCs_threshold_15_1984;output_BGCs_threshold_15_1985;output_BGCs_threshold_15_1986;output_BGCs_threshold_15_1987;output_BGCs_threshold_15_1988	PF00006;PF00067;PF00072;PF00082;PF00196;PF00231;PF00441;PF00528;PF00704;PF01547;PF01965;PF02770;PF02771;PF02823;PF02874;PF03009;PF04073;PF07730;PF11716;PF13088;PF13191;PF13416;PF18306
output_BGCs_threshold_15	output_BGCs_threshold_15_cluster_32	2706623	2715583	0.902439225662334	0.9146476404572		0.161640200972862	0.14536186439009	0.017578853046595	0.011538461538462	0.3442044778698	0.069699532770097	0.249976609412093	output_BGCs_threshold_15_2082;output_BGCs_threshold_15_2083;output_BGCs_threshold_15_2084;output_BGCs_threshold_15_2085;output_BGCs_threshold_15_2086;output_BGCs_threshold_15_2087;output_BGCs_threshold_15_2088;output_BGCs_threshold_15_2089	PF00067;PF00890;PF00990;PF01266;PF01494;PF06831;PF07859;PF11716;PF12831;PF13450;PF20434
output_BGCs_threshold_15	output_BGCs_threshold_15_cluster_33	2722049	2737738	0.89633237942363	0.905102185824306		0.10585025705614	0.096656241744477	0.084719117130882	0.001538461538462	0.038309959515842	0.281387573211103	0.391538389803095	output_BGCs_threshold_15_2095;output_BGCs_threshold_15_2096;output_BGCs_threshold_15_2097;output_BGCs_threshold_15_2098;output_BGCs_threshold_15_2099;output_BGCs_threshold_15_2100;output_BGCs_threshold_15_2101;output_BGCs_threshold_15_2102;output_BGCs_threshold_15_2103;output_BGCs_threshold_15_2104;output_BGCs_threshold_15_2105;output_BGCs_threshold_15_2106;output_BGCs_threshold_15_2107;output_BGCs_threshold_15_2108	PF00067;PF00126;PF00392;PF00501;PF00583;PF01758;PF03466;PF07729;PF13508;PF13593;PF13673
output_BGCs_threshold_15	output_BGCs_threshold_15_cluster_34	2754081	2757531	0.850881570681833	0.863552603334277	Terpene	0.000625	0.140334842853226	0.003125	0.05195584970585	0.667012327133651	0.00375	0.133196980307274	output_BGCs_threshold_15_2126;output_BGCs_threshold_15_2127;output_BGCs_threshold_15_2128	PF00067;PF06831
output_BGCs_threshold_15	output_BGCs_threshold_15_cluster_35	2791643	2801983	0.820133841115947	0.833155592895581		0.075344413816276	0.192177120573286	0.130169470162886	0.031538461538462	0.096629056331446	0.146037536542713	0.328103941034932	output_BGCs_threshold_15_2152;output_BGCs_threshold_15_2153;output_BGCs_threshold_15_2154;output_BGCs_threshold_15_2155;output_BGCs_threshold_15_2156	PF00067;PF00486;PF00593;PF00931;PF03704;PF07715;PF13191;PF13424
output_BGCs_threshold_15	output_BGCs_threshold_15_cluster_36	2968220	3019108	0.91348159666585	0.975109157456081		0.046970850929131	0.260112269843977	0.084155229238028	0.048666666666667	0.10778953588132	0.144432297056816	0.307873150384062	output_BGCs_threshold_15_2282;output_BGCs_threshold_15_2283;output_BGCs_threshold_15_2284;output_BGCs_threshold_15_2285;output_BGCs_threshold_15_2286;output_BGCs_threshold_15_2287;output_BGCs_threshold_15_2288;output_BGCs_threshold_15_2289;output_BGCs_threshold_15_2290;output_BGCs_threshold_15_2291;output_BGCs_threshold_15_2292;output_BGCs_threshold_15_2293;output_BGCs_threshold_15_2294;output_BGCs_threshold_15_2295;output_BGCs_threshold_15_2296;output_BGCs_threshold_15_2297;output_BGCs_threshold_15_2298;output_BGCs_threshold_15_2299;output_BGCs_threshold_15_2300;output_BGCs_threshold_15_2301;output_BGCs_threshold_15_2302;output_BGCs_threshold_15_2303;output_BGCs_threshold_15_2304;output_BGCs_threshold_15_2305;output_BGCs_threshold_15_2306;output_BGCs_threshold_15_2307;output_BGCs_threshold_15_2308;output_BGCs_threshold_15_2309;output_BGCs_threshold_15_2310;output_BGCs_threshold_15_2311;output_BGCs_threshold_15_2312;output_BGCs_threshold_15_2313;output_BGCs_threshold_15_2314;output_BGCs_threshold_15_2315;output_BGCs_threshold_15_2316;output_BGCs_threshold_15_2317;output_BGCs_threshold_15_2318;output_BGCs_threshold_15_2319;output_BGCs_threshold_15_2320;output_BGCs_threshold_15_2321;output_BGCs_threshold_15_2322;output_BGCs_threshold_15_2323;output_BGCs_threshold_15_2324	PF00005;PF00067;PF00082;PF00293;PF00356;PF00440;PF00528;PF00532;PF00561;PF00571;PF01546;PF01547;PF04389;PF05368;PF07690;PF07883;PF08386;PF13370;PF13377;PF13407;PF13416;PF13460;PF14534
output_BGCs_threshold_15	output_BGCs_threshold_15_cluster_37	3028537	3075689	0.940163622608628	0.989537070510312		0.061488413547237	0.327168487948539	0.037073936293885	0.08	0.043019065333643	0.387254126947222	0.063995969929474	output_BGCs_threshold_15_2335;output_BGCs_threshold_15_2336;output_BGCs_threshold_15_2337;output_BGCs_threshold_15_2338;output_BGCs_threshold_15_2339;output_BGCs_threshold_15_2340;output_BGCs_threshold_15_2341;output_BGCs_threshold_15_2342;output_BGCs_threshold_15_2343;output_BGCs_threshold_15_2344;output_BGCs_threshold_15_2345;output_BGCs_threshold_15_2346;output_BGCs_threshold_15_2347;output_BGCs_threshold_15_2348;output_BGCs_threshold_15_2349;output_BGCs_threshold_15_2350;output_BGCs_threshold_15_2351;output_BGCs_threshold_15_2352;output_BGCs_threshold_15_2353;output_BGCs_threshold_15_2354;output_BGCs_threshold_15_2355;output_BGCs_threshold_15_2356;output_BGCs_threshold_15_2357;output_BGCs_threshold_15_2358;output_BGCs_threshold_15_2359;output_BGCs_threshold_15_2360;output_BGCs_threshold_15_2361;output_BGCs_threshold_15_2362;output_BGCs_threshold_15_2363;output_BGCs_threshold_15_2364;output_BGCs_threshold_15_2365;output_BGCs_threshold_15_2366;output_BGCs_threshold_15_2367;output_BGCs_threshold_15_2368;output_BGCs_threshold_15_2369;output_BGCs_threshold_15_2370;output_BGCs_threshold_15_2371;output_BGCs_threshold_15_2372;output_BGCs_threshold_15_2373;output_BGCs_threshold_15_2374;output_BGCs_threshold_15_2375;output_BGCs_threshold_15_2376	PF00067;PF00089;PF00107;PF00294;PF00356;PF00455;PF00532;PF00668;PF00756;PF00890;PF01073;PF01098;PF01266;PF01370;PF01546;PF02518;PF04389;PF05368;PF05977;PF07690;PF08220;PF08240;PF11066;PF12680;PF12831;PF13377;PF13407;PF13450;PF13460;PF13472;PF16912
output_BGCs_threshold_15	output_BGCs_threshold_15_cluster_38	3164972	3168429	0.836366912426879	0.848788582762236		0	0.058968975468975	0.01	0.044587662337662	0.395012265512266	0.02	0.471431096681097	output_BGCs_threshold_15_2449;output_BGCs_threshold_15_2450;output_BGCs_threshold_15_2451	PF00067;PF07690
output_BGCs_threshold_15	output_BGCs_threshold_15_cluster_40	3524092	3554488	0.91169603893116	0.938948020403711		0.104997387120745	0.161378296068856	0.178549474405076	0.03	0.117185280561281	0.102606676723782	0.305282885120261	output_BGCs_threshold_15_2729;output_BGCs_threshold_15_2730;output_BGCs_threshold_15_2731;output_BGCs_threshold_15_2732;output_BGCs_threshold_15_2733;output_BGCs_threshold_15_2734;output_BGCs_threshold_15_2735;output_BGCs_threshold_15_2736;output_BGCs_threshold_15_2737;output_BGCs_threshold_15_2738;output_BGCs_threshold_15_2739;output_BGCs_threshold_15_2740;output_BGCs_threshold_15_2741;output_BGCs_threshold_15_2742;output_BGCs_threshold_15_2743;output_BGCs_threshold_15_2744;output_BGCs_threshold_15_2745;output_BGCs_threshold_15_2746;output_BGCs_threshold_15_2747;output_BGCs_threshold_15_2748	PF00067;PF00126;PF00356;PF00486;PF00532;PF00561;PF00593;PF00931;PF01546;PF01636;PF02678;PF03466;PF03704;PF04389;PF04672;PF07681;PF07715;PF07883;PF08386;PF12902;PF13191;PF13377;PF13407;PF13424;PF13458
output_BGCs_threshold_15	output_BGCs_threshold_15_cluster_41	3600395	3639906	0.932946699960572	0.962476586648966		0.096370447576112	0.164974079511287	0.089707754005192	0.015333333333333	0.125273373026628	0.076709018211228	0.431631994336221	output_BGCs_threshold_15_2786;output_BGCs_threshold_15_2787;output_BGCs_threshold_15_2788;output_BGCs_threshold_15_2789;output_BGCs_threshold_15_2790;output_BGCs_threshold_15_2791;output_BGCs_threshold_15_2792;output_BGCs_threshold_15_2793;output_BGCs_threshold_15_2794;output_BGCs_threshold_15_2795;output_BGCs_threshold_15_2796;output_BGCs_threshold_15_2797;output_BGCs_threshold_15_2798;output_BGCs_threshold_15_2799;output_BGCs_threshold_15_2800;output_BGCs_threshold_15_2801;output_BGCs_threshold_15_2802;output_BGCs_threshold_15_2803;output_BGCs_threshold_15_2804;output_BGCs_threshold_15_2805;output_BGCs_threshold_15_2806;output_BGCs_threshold_15_2807;output_BGCs_threshold_15_2808;output_BGCs_threshold_15_2809;output_BGCs_threshold_15_2810;output_BGCs_threshold_15_2811;output_BGCs_threshold_15_2812;output_BGCs_threshold_15_2813;output_BGCs_threshold_15_2814;output_BGCs_threshold_15_2815;output_BGCs_threshold_15_2816	PF00067;PF00126;PF00196;PF00294;PF00356;PF00532;PF00583;PF00593;PF01546;PF01565;PF03009;PF03466;PF04389;PF07715;PF08241;PF13302;PF13377;PF13407;PF13472;PF13489;PF13649
output_BGCs_threshold_15	output_BGCs_threshold_15_cluster_42	3793260	3843254	0.940307238621084	0.999135130694835		0.046141227205478	0.182799491654131	0.058221273104997	0.073333333333334	0.084392306895765	0.142177071135022	0.412935296671274	output_BGCs_threshold_15_2939;output_BGCs_threshold_15_2940;output_BGCs_threshold_15_2941;output_BGCs_threshold_15_2942;output_BGCs_threshold_15_2943;output_BGCs_threshold_15_2944;output_BGCs_threshold_15_2945;output_BGCs_threshold_15_2946;output_BGCs_threshold_15_2947;output_BGCs_threshold_15_2948;output_BGCs_threshold_15_2949;output_BGCs_threshold_15_2950;output_BGCs_threshold_15_2951;output_BGCs_threshold_15_2952;output_BGCs_threshold_15_2953;output_BGCs_threshold_15_2954;output_BGCs_threshold_15_2955;output_BGCs_threshold_15_2956;output_BGCs_threshold_15_2957;output_BGCs_threshold_15_2958;output_BGCs_threshold_15_2959;output_BGCs_threshold_15_2960;output_BGCs_threshold_15_2961;output_BGCs_threshold_15_2962;output_BGCs_threshold_15_2963;output_BGCs_threshold_15_2964;output_BGCs_threshold_15_2965;output_BGCs_threshold_15_2966;output_BGCs_threshold_15_2967;output_BGCs_threshold_15_2968;output_BGCs_threshold_15_2969;output_BGCs_threshold_15_2970;output_BGCs_threshold_15_2971;output_BGCs_threshold_15_2972	PF00067;PF00082;PF00356;PF00528;PF00532;PF00561;PF00593;PF00931;PF01547;PF01741;PF03704;PF04389;PF07690;PF07715;PF11716;PF11991;PF12146;PF12697;PF12867;PF13191;PF13377;PF13407;PF13416;PF13458;PF14518;PF14534;PF18029
